epitope,super_seq
VIILNHPGQISAGYA,VIILNHPGQISAGYAPVLD
VIILNHPGQISAG,VIILNHPGQISAGYA
VIILNHPGQISAG,VIILNHPGQISAGYAPVLD
IKKIGYNPDT,IKKIGYNPDTVA
WKVTRKDGNASG,WKVTRKDGNASGTTLL
LNETGDEPFQYK,LNETGDEPFQYKN
LDTNADKQLSFEEF,EDLDTNADKQLSFEEF
DTNADKQLSFEEF,LDTNADKQLSFEEF
DTNADKQLSFEEF,EDLDTNADKQLSFEEF
MARLTWASHEK,MARLTWASHEKM
VQRVASVM,VQRVASVMQEY
VIRDVEQQF,TVIRDVEQQFK
ENAGEDPGLAR,SAAQKENAGEDPGLAR
ENAGEDPGLAR,QKENAGEDPGLAR
PGLARQAPKPRKQ,NAGEDPGLARQAPKPRKQ
MPDEATPHY,MPDEATPHYF
VPRASVPDGFL,IVNTNVPRASVPDGFLSEL
FIKVHVGDEDF,FIKVHVGDEDFVHL
IPGGLSEAKPATPEIQE,MIPGGLSEAKPATPEIQE
IRKLPFQRL,LIRKLPFQRL
DVGVYRAVTPQGRPDA,SDVGVYRAVTPQGRPDAE
EELDFQKNI,EELDFQKNIY
SVLPEGGETPLFK,SVLPEGGETPLFKQF
DVHDGKVVSTHEQVL,DVHDGKVVSTHEQVLRTKN
YEKMAEKNRKDAEEW,YEKMAEKNRKDAEEWF
YEKMAEKNRKDAEEW,MRDQYEKMAEKNRKDAEEW
YSNRVVDL,YDNEFGYSNRVVDL
YSNRVVDL,ISWYDNEFGYSNRVVDL
YSNRVVDL,DNEFGYSNRVVDL
FRVPTANVS,FRVPTANVSVVDL
TPYEGQRSY,TPYEGQRSYL
KLLGKVTIA,NKLLGKVTIAQGGVLPNIQA
KLLGKVTIA,NKLLGKVTIAQGGVLPNIQ
WISKQEY,QQMWISKQEY
MEKIWHHT,MEKIWHHTF
MEKIWHHT,WDDMEKIWHHTFY
MEKIWHHT,VTNWDDMEKIWHHTF
MEKIWHHT,DDMEKIWHHTF
MEKIWHHTF,WDDMEKIWHHTFY
MEKIWHHTF,VTNWDDMEKIWHHTF
MEKIWHHTF,DDMEKIWHHTF
AVFPSIVGRPR,AGDDAPRAVFPSIVGRPR
STRTHNLEPYFESF,VDTSTRTHNLEPYFESF
IDKVRFLEQQNQVL,IDKVRFLEQQNQVLQTKWE
NQVLQTKWEL,LEQQNQVLQTKWEL
VNLGGSKSIS,VNLGGSKSISIS
EDIAQKSKAEAESLYQSKY,YEDIAQKSKAEAESLYQSKY
EDIAQKSKAEAESLYQSKY,EDIAQKSKAEAESLYQSKYE
YQSKYEEL,IAQKSKAEAESLYQSKYEEL
YQSKYEEL,YQSKYEELQITAGRHGD
GLAPYKLRPV,AGLAPYKLRPV
WVGTGASEAEKTGAQEL,LWVGTGASEAEKTGAQEL
WSVDPLDR,WSVDPLDRAMAEL
SENEKNAAYY,FSENEKNAAYY
KVAPAPAVVK,KVAPAPAVVKK
GKVKVGVNGFG,GKVKVGVNGFGRIG
FLSEHPNVTL,AEFLSEHPNVTL
ESVGKGAVHDVKDVLDS,ESVGKGAVHDVKDVLDSVL
VKRQFMNKSLSGPGQ,FVKRQFMNKSLSGPGQ
KVLKQVHPDTGISSKAMGIMN,KVLKQVHPDTGISSKAMGIMNS
AKHAVSEGTKAVTKYTSSK,PGELAKHAVSEGTKAVTKYTSSK
LPGELAKHAVSEGTKAVTKY,LPGELAKHAVSEGTKAVTKYTS
GENPASHSY,GENPASHSYVL
RQILKNPDDPDMVD,FRQILKNPDDPDMVD
RQILKNPDDPDMVD,RQILKNPDDPDMVDV
FKLAQAY,FKLAQAYYESTRKEN
FKLAQAY,VFKLAQAY
FKLAQAY,MVFKLAQAY
FKLAQAY,FKLAQAYY
MDHLDIDHNKKIDFTE,MDHLDIDHNKKIDFTEF
MDHLDIDHNKKIDFTE,MDHLDIDHNKKIDFTEFL
KLGQGAHHAAGQAGKEL,KLGQGAHHAAGQAGKELQ
ALDGINSGITHAG,EVGKALDGINSGITHAGR
VAMYVHAY,RVAMYVHAY
AMRIGAEVY,EAMRIGAEVY
SEASRLAHY,ASEASRLAHY
TQFVRFD,VDDTQFVRFDSDAASPR
TQFVRFD,DTQFVRFDSDAASQRMEP
TQFVRFD,VDDTQFVRFDSDAASQR
TQFVRFD,DTQFVRFDSD
TQFVRFD,TQFVRFDSD
TQFVRFD,VDDTQFVRFDSDAASP
TQFVRFD,VDDTQFVRFDSDAASQ
TQFVRFD,DTQFVRFDSDAASQR
TQFVRFD,VDDTQFVRFDSDAASQKME
TQFVRFD,VDDTQFVRFDSDAASQRME
AMLDTVVFK,AAMLDTVVFK
GLDPSFTPATGTPVVGGLTYREG,GLDPSFTPATGTPVVGGLTYREGL
ITEEIYKTGL,ITEEIYKTGLLSGLD
ITEEIYKTGL,ITEEIYKTGLLSG
IGLRDVDPGEHY,IGLRDVDPGEHYILKTLGIKY
IGLRDVDPGEHY,IGLRDVDPGEHYI
IGLRDVDPGEHYI,IGLRDVDPGEHYILKTLGIKY
ITEEIYKTGLLSG,ITEEIYKTGLLSGLD
ALRGQTGGDVNVE,LALRGQTGGDVNVE
AEKNRRDAETW,YEQMAEKNRRDAETWF
RLVDSKGFDEY,RLVDSKGFDEYMKELGVG
SRSGGGGGGGLGSGGSIRSSY,SRSGGGGGGGLGSGGSIRSSYS
SRSGGGGGGGLGSGGSIRSSY,YLSRSGGGGGGGLGSGGSIRSSY
SRSGGGGGGGLGSGGSIRSSY,LSRSGGGGGGGLGSGGSIRSSY
TSDLQDKNEY,FTSDLQDKNEY
TAADTAAQITQR,TAADTAAQITQRKW
TAADTAAQITQR,LSSWTAADTAAQITQR
FAYDGKDYL,FAYDGKDYLTL
APKGDEEGVPAVVID,APKGDEEGVPAVVIDMS
VQYKTQVVAGTNY,EAVQYKTQVVAGTNY
YAYDGKDYIA,NQYAYDGKDYIALN
YAYDGKDYIA,YAYDGKDYIAL
DTNADKQLSFEE,LDTNADKQLSFEEF
DTNADKQLSFEE,DTNADKQLSFEEF
DTNADKQLSFEE,EDLDTNADKQLSFEEF
DTNADKQLSFEE,LDTNADKQLSFEE
IIAPPERKY,KIKIIAPPERKYS
ILDPIFKVF,LILDPIFKVF
NAAPGVDLTQLLNNMRSQY,NAAPGVDLTQLLNNMRSQYEQL
LNNMRSQYEQL,NAAPGVDLTQLLNNMRSQYEQL
LNNMRSQYEQL,TQLLNNMRSQYEQL
SVGESSSKGPRY,SSGSVGESSSKGPRY
AEQNRKDAEAWFNEKSKEL,LAEQNRKDAEAWFNEKSKEL
EESLVLNKGRAY,EEESLVLNKGRAY
EESLVLNKGRAY,AEEESLVLNKGRAY
LVDSKGFDEY,RLVDSKGFDEY
LVDSKGFDEY,RLVDSKGFDEYMKELGVG
AEDKENYKKF,AEDKENYKKFY
SSSKGSLGGGF,SSSKGSLGGGFSSGGFSGGSF
SSSKGSLGGGF,RISSSKGSLGGGF
SSSKGSLGGGF,SSSKGSLGGGFSSGGFSGGS
DIKIRLENE,DIKIRLENEIQ
LNNMRSQY,NAAPGVDLTQLLNNMRSQY
LNNMRSQY,LNNMRSQYEQL
LNNMRSQY,NAAPGVDLTQLLNNMRSQYEQL
LNNMRSQY,TQLLNNMRSQYEQL
LNNMRSQY,LNNMRSQYEQ
YAGKNAVAY,RSYAGKNAVAY
FLDESRSTQY,FLDESRSTQYM
LLDATQHTL,AELLDATQHTL
IQNPDITSSRY,TVDIQNPDITSSRY
SEAEHQRAY,SEAEHQRAYL
NPKDVLVGADSVRAA,NPKDVLVGADSVRAAIT
GEASRLAHY,AGEASRLAHYNKRSTI
GEASRLAHY,IFERIAGEASRLAHY
FKEAFSL,AEFKEAFSL
DLAGRDLTDY,DLAGRDLTDYLMKILTERGYS
DLAGRDLTDY,DLAGRDLTDYL
IVDKVKPQLEEKTNETYGKL,IVDKVKPQLEEKTNETYGKLE
MIPGGLSEAKPATPEIQ,MIPGGLSEAKPATPEIQE
TQLLNNMRSQYEQL,NAAPGVDLTQLLNNMRSQYEQL
TGYQVDKNKDDELTGF,VLTGYQVDKNKDDELTGF
VLTGYQVDKNKDDE,VLTGYQVDKNKDDELTGF
KVFKSLPGQNED,KVFKSLPGQNEDL
TGYQVDKNKDDELTG,TGYQVDKNKDDELTGF
TGYQVDKNKDDELTG,VLTGYQVDKNKDDELTGF
SLMHSFILK,ASLMHSFILK
TEITDDLHFY,VTEITDDLHFY
SPDDPSRYISPDQLADL,FKSPDDPSRYISPDQLADL
EEYMNKPTF,MEEYMNKPTF
KVAPAPAVV,KVAPAPAVVKK
KVAPAPAVV,KVAPAPAVVK
VTNWDDMEK,VTNWDDMEKIWHHTF
ESIRKEVKGDLENAF,ESIRKEVKGDLENAFLNL
MATAASSSSLEKS,EQEMATAASSSSLEKS
VDDTQFVRFDSDAASQR,VDDTQFVRFDSDAASQRME
SSSKGSLGGGFSSGGFSGGS,SSSKGSLGGGFSSGGFSGGSF
FPMEIRQY,FPMEIRQYL
RVASVMQEY,VQRVASVMQEY
IVDPVSNLRLPVEE,IVDPVSNLRLPVEEA
SDPSDDTKGFFDPNTEEN,ILSDPSDDTKGFFDPNTEENL
SDPSDDTKGFFDPNTEEN,SDPSDDTKGFFDPNTEENL
SDPSDDTKGFFDPNTEEN,SEILSDPSDDTKGFFDPNTEEN
SDPSDDTKGFFDPNTEENL,ILSDPSDDTKGFFDPNTEENL
IPYPGRTNADVM,IPYPGRTNADVMTAL
NELRVAPEEHPVL,YNELRVAPEEHPVL
LRVAPEEHPVL,YNELRVAPEEHPVL
LRVAPEEHPVL,NELRVAPEEHPVL
PVLKNPDDPDTVD,LEKELHPVLKNPDDPDTVD
TVEAPMPKLATQSN,TVEAPMPKLATQSNE
DRETQISKTNTQTYRE,DRETQISKTNTQTYRESL
MIRAADTDGDGQVNYE,MIRAADTDGDGQVNYEE
YEEDGARSI,KEYEEDGARSI
GEEENQKRYY,GEEENQKRYYL
ALPDTLKVTY,NALPDTLKVTY
IPAAVKLTY,SQIPAAVKLTY
RLLLPGELAK,VRLLLPGELAKHAV
RLLLPGELAK,RLLLPGELAKHAVSEGTKA
RLLLPGELAK,RLLLPGELAKHAV
TAMDVVYALK,KTVTAMDVVYALK
YGVLKTDEG,YGVLKTDEGIAYRGLF
SGFEGMFTK,SGFEGMFTKK
SEFPGAQHY,ASEFPGAQHY
ESRAQLGGPEAAKSDE,ESRAQLGGPEAAKSDETAAK
LEDGRTLSDY,QLEDGRTLSDY
VKTLTGKTIT,MQIFVKTLTGKTITL
SNNKYAASSYLSLTPEQ,TPSKQSNNKYAASSYLSLTPEQ
IAQDFKTDL,REIAQDFKTDL
IAQDFKTDL,VREIAQDFKTDL
VQKAIPMY,AVQKAIPMYK
SEIEAKVRY,MSEIEAKVRY
INTPLTTTSGNLHGQPVS,INTPLTTTSGNLHGQPVSFL
LPDNINVYATTAANPRES,LPDNINVYATTAANPRESS
RLVQSPNSY,RLVQSPNSYF
YARVVGSEY,AEYARVVGSEY
MAHMASKE,RVVDLMAHMASKE
YDNEFGYSNRVVDL,ISWYDNEFGYSNRVVDL
LEKELHPVLKNPDDPDT,LEKELHPVLKNPDDPDTVD
KTQVVAGTNY,VQYKTQVVAGTNY
KTQVVAGTNY,EAVQYKTQVVAGTNY
RIINEPTAAAIAYG,VMRIINEPTAAAIAYG
RIINEPTAAAIAYG,VLRIINEPTAAAIAYG
RIINEPTAAAIAYG,NVLRIINEPTAAAIAYG
RIINEPTAAAIAYG,RIINEPTAAAIAYGL
NVLRIINEPTAAAIA,NVLRIINEPTAAAIAYG
DIAVDGEPLGRV,DIAVDGEPLGRVSFE
DIAVDGEPLGRV,FDIAVDGEPLGRVSFEL
VIDEVRTGTY,TVIDEVRTGTY
NVIEGPVFRPGSKT,NVIEGPVFRPGSKTY
VQAKVLEIPYKGKDL,LEDVQAKVLEIPYKGKDLSM
LGAKDNTAQQISKVLH,LGAKDNTAQQISKVLHF
EYPDRIMNTF,ISKIREEYPDRIMNTF
YASGRTTGIVM,SLYASGRTTGIVM
IDKVRFLEQQN,IDKVRFLEQQNQVL
IDKVRFLEQQN,IDKVRFLEQQNKVL
IDKVRFLEQQN,IDKVRFLEQQNQVLQTKWE
GGRPQGPPQGQSPQ,GPPPQGGRPQGPPQGQSPQ
KQIESKTAF,VKQIESKTAFQEALDAAGDKL
KQIESKTAF,VKQIESKTAFQEALD
LSGGTTMYPGIADR,NTVLSGGTTMYPGIADR
LSGGTTMYPGIADR,TVLSGGTTMYPGIADR
TTDSSYGQNY,TTDSSYGQNYSGY
YGKNTIAY,KQINYGKNTIAY
LFDHAVSKF,KLFDHAVSKF
DAIRNLHHY,AEDAIRNLHHY
SQPYGQQSY,SQQSSQPYGQQSY
GGVKVERQVFGEATKQPGIT,GGVKVERQVFGEATKQPGITF
KLLDVVHPA,KLLDVVHPAAK
GGPGGFGPGGYPGGIH,GGPGGFGPGGYPGGIHE
GGPGGFGPGGYPGGIH,GPGGVGGLGGPGGFGPGGYPGGIH
PGGYVAYSKAATVTG,NPGGYVAYSKAATVTGKL
QKENAGEDPGLAR,SAAQKENAGEDPGLAR
VVKLAHTY,TVVKLAHTY
LPTEPPYTAY,SQKELPTEPPYTAY
NSGALTSGVHTFPAVLQSSGL,VSWNSGALTSGVHTFPAVLQSSGL
TVSWNSGALTSGVHTF,TVSWNSGALTSGVHTFPA
TVSWNSGALTSGVHTF,FPEPVTVSWNSGALTSGVHTF
AVHPSGVAL,LAVHPSGVAL
DTQFVRFDSD,VDDTQFVRFDSDAASPR
DTQFVRFDSD,DTQFVRFDSDAASQRMEP
DTQFVRFDSD,VDDTQFVRFDSDAASQR
DTQFVRFDSD,VDDTQFVRFDSDAASP
DTQFVRFDSD,VDDTQFVRFDSDAASQ
DTQFVRFDSD,DTQFVRFDSDAASQR
DTQFVRFDSD,VDDTQFVRFDSDAASQKME
DTQFVRFDSD,VDDTQFVRFDSDAASQRME
TELVETRPAGD,GEDQTQDTELVETRPAGD
AEQNRKDAEAW,AEQNRKDAEAWFNEKSKEL
AEQNRKDAEAW,LAEQNRKDAEAWFNEKSKEL
RSFAGNLNTY,RSFAGNLNTYK
SEINKPNFY,LSEINKPNFY
NVILSMDNNRSLD,NVILSMDNNRSLDL
SMDNNRSLDLDSII,SMDNNRSLDLDSIIAE
TQKIGVHAF,AQITQKIGVHAF
GEDSVSGSQRISSIY,SQGEDSVSGSQRISSIY
FIRQNKTNSIL,FIRQNKTNSILF
IVLLPNEIDGLQK,IVLLPNEIDGLQKL
KSDVNKEYY,MPKSDVNKEYY
QEDRPGLHAY,GEQEDRPGLHAY
GPIPEVLKNYMDAQY,EGPIPEVLKNYMDAQY
REIAQDFKTDL,VREIAQDFKTDL
TVHAITATQKTVDGPSGKL,MTTVHAITATQKTVDGPSGKL
TVHAITATQKTVDGPSGK,MTTVHAITATQKTVDGPSGKL
TVHAITATQKTVDGPSGK,TVHAITATQKTVDGPSGKL
DNEFGYSNRVVDL,YDNEFGYSNRVVDL
DNEFGYSNRVVDL,ISWYDNEFGYSNRVVDL
SVKLGHPDTLNQGEFKEL,YSVKLGHPDTLNQGEFKEL
DTNADKQLSF,LDTNADKQLSFEEF
DTNADKQLSF,DTNADKQLSFEEF
DTNADKQLSF,DTNADKQLSFEE
DTNADKQLSF,EDLDTNADKQLSFEEF
DTNADKQLSF,LDTNADKQLSFEE
SMDNNRSLDL,SMDNNRSLDLDSIIAE
SMDNNRSLDL,VILSMDNNRSLDLD
SMDNNRSLDL,SMDNNRSLDLDSII
SMDNNRSLDL,NVILSMDNNRSLDL
SFEAQGALANIAVDKA,SFEAQGALANIAVDKAN
SFEAQGALANIAVDKA,ASFEAQGALANIAVDKA
VIKMGVAAHKKSHEESHK,VIKMGVAAHKKSHEESHKE
VIKMGVAAHKKSHEESHK,ILVIKMGVAAHKKSHEESHKE
RKKGADVWFK,YIRKKGADVWFKEL
HAVYRDDLKKL,IKGNFHAVYRDDLKKL
IKGNFHAVYR,IKGNFHAVYRDDLKKL
IKGNFHAVYR,YHKYSLIKGNFHAVYR
YHKYSLIKGNFHAVY,YHKYSLIKGNFHAVYR
VIKMGVAAHKKSHEESHKE,ILVIKMGVAAHKKSHEESHKE
LQKFTEAY,ALQKFTEAY
KMKEIAEAY,TKMKEIAEAYLGKTVTNA
VLRIINEPTAAAIAYG,NVLRIINEPTAAAIAYG
MIMNKGLGSNER,MIMNKGLGSNERLEF
MIMNKGLGSNER,MIMNKGLGSNERLE
MIMNKGLGSNERLE,MIMNKGLGSNERLEF
NDRLASYLDKVRALEE,NDRLASYLDKVRALEESN
NDRLASYLDKVRALEE,NDRLASYLDKVRALEEA
EVQDGKVISSREQV,EVQDGKVISSREQVHQTTR
LDKVRAL,NDRLASYLDKVRALEESN
LDKVRAL,NDRLASYLDKVRALEE
LDKVRAL,LDKVRALEESN
LDKVRAL,YLDKVRALEEANADL
LDKVRAL,NDRLASYLDKVRALEEA
LDKVRAL,ASYLDKVRAL
SPFFERSGL,SPFFERSGLAY
KQYGNEVFL,KQYGNEVFLAK
LAKQITSY,ATEIELAKQITSY
SIYYVDVQK,NNGSIYYVDVQK
VVSEVDIAKAD,MVVSEVDIAKAD
LPGSIQHVY,KLPGSIQHVY
SQKDNELSF,YPYTSQKDNELSF
MIDVTKSYY,LMIDVTKSYY
REAEAAIYHL,IAREAEAAIYHLQ
EELQITAGRHGD,YQSKYEELQITAGRHGD
EELQITAGRHGD,EELQITAGRHGDSVRNS
KYSSQFGGGSQY,NKYSSQFGGGSQY
EPEEENGREY,MEPEEENGREY
RTYDETYQR,RTYDETYQRY
DAGAGIALNDHFV,DAGAGIALNDHFVK
PKFEVIEKPQA,KFEDPKFEVIEKPQA
VELDDLGKDEL,LSDVELDDLGKDEL
MLTELEKALNSI,MLTELEKALNSIIDVYHKYSL
MLTELEKALNSI,MLTELEKALNSIIDVYHKYS
NSIIDVYHKYSL,MLTELEKALNSIIDVYHKYSL
IDVYHKYSL,MLTELEKALNSIIDVYHKYSL
IDVYHKYSL,NSIIDVYHKYSL
NKLLGKVTIAQGGVLPNIQ,NKLLGKVTIAQGGVLPNIQA
DVANKIGII,ALDVANKIGII
FAVDLEHHSY,QEFAVDLEHHSY
VPKDYTGEDVTPQN,VPKDYTGEDVTPQNFL
TADEVHYF,TADEVHYFL
EEESLVLNKGRAY,AEEESLVLNKGRAY
SMDNNRNLDL,VVLSMDNNRNLDL
SMDNNRNLDL,SMDNNRNLDLDSIIA
DSIIAEVKAQY,NNRNLDLDSIIAEVKAQY
GQGVHHAASQVGKEED,EAEKFGQGVHHAASQVGKEED
AVEQNTLQEF,FVEAVEQNTLQEFLKLA
ILKNPDDPD,FRQILKNPDDPDMVD
ILKNPDDPD,RQILKNPDDPDMVD
ILKNPDDPD,RQILKNPDDPDMVDV
ILKNPDDPD,FRQILKNPDDPD
IKEAGDAESRVF,GLLDSHLIKEAGDAESRVFY
AQDEHLITF,YAQDEHLITF
SYRDSYESY,GSYRDSYESY
SVYDHQGIFK,SVYDHQGIFKR
KQYPPNTSKVY,KQYPPNTSKVYSY
YPAPGLKTF,YPAPGLKTFL
LDKVRALEESN,NDRLASYLDKVRALEESN
LNNMRSQYEQ,LNNMRSQYEQL
LNNMRSQYEQ,NAAPGVDLTQLLNNMRSQYEQL
LNNMRSQYEQ,TQLLNNMRSQYEQL
YQQTIKKY,ADYQQTIKKY
RISGVGIDQPP,RISGVGIDQPPYGIF
IRVGYY,QEFIRVGYY
KQTQTFTTY,IPTKQTQTFTTYSDNQPG
EESDLSRQY,AEESDLSRQY
VTIKKDVDGAY,VTIKKDVDGAYMTKVDL
YRSGGGFSSGSAGIIN,SGYRSGGGFSSGSAGIIN
YRSGGGFSSGSAGIIN,GYRSGGGFSSGSAGIIN
EETQVILREY,VEETQVILREY
FEENTQHLL,KEFEENTQHLL
KEFEENTQHL,KEFEENTQHLL
ISKALVAY,SISKALVAY
ISKALVAY,ISKALVAYY
EEINEVKTW,QEEINEVKTW
EEIAQRSKEEAEA,EEIAQRSKEEAEAL
SMDNSRNLD,VILSMDNSRNLDLD
SMDNSRNLD,SMDNSRNLDLDSIIAE
SMDNSRNLD,SMDNSRNLDL
SMDNSRNLD,NVILSMDNSRNLDL
TQFVRFDSD,VDDTQFVRFDSDAASPR
TQFVRFDSD,DTQFVRFDSDAASQRMEP
TQFVRFDSD,VDDTQFVRFDSDAASQR
TQFVRFDSD,DTQFVRFDSD
TQFVRFDSD,VDDTQFVRFDSDAASP
TQFVRFDSD,VDDTQFVRFDSDAASQ
TQFVRFDSD,DTQFVRFDSDAASQR
TQFVRFDSD,VDDTQFVRFDSDAASQKME
TQFVRFDSD,VDDTQFVRFDSDAASQRME
APDGSQRAVL,APDGSQRAVLVQF
SGDGVTHTVPIYEG,IVMDSGDGVTHTVPIYEG
RFQSSAVMAL,RFQSSAVMALQEASEAY
RVTIAQGGVLPNIQA,NKLLGRVTIAQGGVLPNIQA
VDDTQFVRFDSDAASP,VDDTQFVRFDSDAASPR
KDYIALNED,QDAYDGKDYIALNED
KDYIALNED,AYDGKDYIALNED
AVNAHSNILK,AVQAVNAHSNILK
VKQIESKTAFQEALD,VKQIESKTAFQEALDAAGDKL
LKKENKNEKVIEHIMED,LKKENKNEKVIEHIMEDL
LDTNADKQLSFEE,LDTNADKQLSFEEF
LDTNADKQLSFEE,EDLDTNADKQLSFEEF
YSVKLGHPDTLNQGEFK,YSVKLGHPDTLNQGEFKEL
LGHPDTLNQGEFKE,YSVKLGHPDTLNQGEFKEL
LGHPDTLNQGEFKE,SVKLGHPDTLNQGEFKEL
LDTNADKQLS,LDTNADKQLSFEEF
LDTNADKQLS,EDLDTNADKQLSFEEF
LDTNADKQLS,LDTNADKQLSFEE
SVKLGHPDTLNQGEFK,YSVKLGHPDTLNQGEFKEL
SVKLGHPDTLNQGEFK,SVKLGHPDTLNQGEFKEL
SVKLGHPDTLNQGEFK,YSVKLGHPDTLNQGEFK
YIKSTMGKPQR,YIKSTMGKPQRLY
LSAERAVTGYTDPYTGQQIS,LSAERAVTGYTDPYTGQQISL
VPSDVVIFPSSDSQAHPP,VPSDVVIFPSSDSQAHPPE
IPTKQTQTF,IPTKQTQTFTTYSDNQPG
SVINPGAIY,SVINPGAIYR
GGYVAYSKAATVTGKL,NPGGYVAYSKAATVTGKL
FPLQPGKVATF,AQFPLQPGKVATF
VKAQYEDIAQKSKAEAESL,EVKAQYEDIAQKSKAEAESL
TEIDGRSISLY,GTEIDGRSISLYY
RLLLPGELAKHAV,VRLLLPGELAKHAV
RLLLPGELAKHAV,RLLLPGELAKHAVSEGTKA
VRLLLPGEL,VRLLLPGELAKHAV
AKHAVSEGTKAVTKY,AKHAVSEGTKAVTKYTSSK
AKHAVSEGTKAVTKY,LPGELAKHAVSEGTKAVTKYTS
AKHAVSEGTKAVTKY,LPGELAKHAVSEGTKAVTKY
AKHAVSEGTKAVTKY,AKHAVSEGTKAVTKYTSAK
AKHAVSEGTKAVTKY,PGELAKHAVSEGTKAVTKYTSSK
LLVRYTKKVPQVS,LLVRYTKKVPQVSTPTL
YTKKVPQVSTPTL,LLVRYTKKVPQVSTPTL
WAVARLSQRFPKAEF,FKAWAVARLSQRFPKAEF
YEIARRHPYF,YEIARRHPYFY
DETYVPKEF,DETYVPKEFNAETF
STAPHETSF,KLFSSSTAPHETSF
KMKGDYYRYLAE,YLKMKGDYYRYLAE
MPNVKVAVF,KYMPNVKVAVF
QEFLTAAKKARAG,QEFLTAAKKARAGLEDL
MIREADVDQDGRVN,MIREADVDQDGRVNYEEF
MIREADVDQDGRVN,DAMIREADVDQDGRVNYEE
MIREADVDQDGRVN,MIREADVDQDGRVNYEE
KATGKNLSEAQLRKL,GAALKATGKNLSEAQLRKL
SYSQAASSDSAQGSDVSLTA,SSGGKGGSYSQAASSDSAQGSDVSLTA
LGDRQNESY,LSELGDRQNESY
SVFPLAPSSK,GPSVFPLAPSSKSTSGGTAALG
FPLAPSSKSTSGGTAAL,GPSVFPLAPSSKSTSGGTAALG
VSWNSGALTSGVHTFPA,TVSWNSGALTSGVHTFPA
VSWNSGALTSGVHTFPA,VSWNSGALTSGVHTFPAVLQSSGL
IQIKQQSTSY,ASEIQIKQQSTSY
LDKVQALEEANNDLENKIQ,LDKVQALEEANNDLENKIQDW
YLDKVQAL,NSRLASYLDKVQAL
LSRSGGGGGGGLGSGGSIRSSY,YLSRSGGGGGGGLGSGGSIRSSY
ANNDLENKIQDW,LDKVQALEEANNDLENKIQDW
INVAPGKDLTKT,INVAPGKDLTKTLNDMRQEYE
INVAPGKDLTKT,VEINVAPGKDLTKTLNDMRQE
VAPGKDLTKTLND,INVAPGKDLTKTLNDMRQEYE
VAPGKDLTKTLND,VEINVAPGKDLTKTLNDMRQE
IVNTNVPRASVPDG,IVNTNVPRASVPDGFLSEL
TQQLAQATGKPPQY,TQQLAQATGKPPQYIAV
KLAEQYESF,KLAEQYESFVK
STFDTQITK,STFDTQITKK
MVFKLAQA,MVFKLAQAY
DHLDIDHNKKIDFTEFL,MDHLDIDHNKKIDFTEFL
RQILKNPDDP,FRQILKNPDDPDMVD
RQILKNPDDP,RQILKNPDDPDMVD
RQILKNPDDP,RQILKNPDDPDMVDV
RQILKNPDDP,FRQILKNPDDPD
MDHLDIDHNKKIDFTEF,MDHLDIDHNKKIDFTEFL
DHLDIDHNKKIDFTE,MDHLDIDHNKKIDFTE
DHLDIDHNKKIDFTE,DHLDIDHNKKIDFTEFL
DHLDIDHNKKIDFTE,MDHLDIDHNKKIDFTEF
DHLDIDHNKKIDFTE,MDHLDIDHNKKIDFTEFL
SKKDKNTDTLSKKELKE,SKKDKNTDTLSKKELKEL
HLDIDHNKKIDF,MDHLDIDHNKKIDFTE
HLDIDHNKKIDF,DHLDIDHNKKIDFTEFL
HLDIDHNKKIDF,MDHLDIDHNKKIDFTEF
HLDIDHNKKIDF,DHLDIDHNKKIDFTE
HLDIDHNKKIDF,MDHLDIDHNKKIDFTEFL
VFKLAQAY,MVFKLAQAY
TFDAGAGIALNDH,STFDAGAGIALNDH
YAYDGKDYLA,YAYDGKDYLAL
VSDPSSPQYGKY,VSDPSSPQYGKYL
LYEKDIQLF,VLYEKDIQLF
SMDNSRNLDL,VILSMDNSRNLDLD
SMDNSRNLDL,SMDNSRNLDLDSIIAE
SMDNSRNLDL,NVILSMDNSRNLDL
FENTDSVHL,VLFENTDSVHL
EKKDKNEDKKIDFSE,FEKKDKNEDKKIDFSEF
EKKDKNEDKKIDFSE,VFEKKDKNEDKKIDFSE
YPDRIMNTF,ISKIREEYPDRIMNTF
YPDRIMNTF,EYPDRIMNTF
GPPISEGKY,AAGPPISEGKY
NKVISELNGKNIE,NKVISELNGKNIED
MPEPDAQRF,MPEPDAQRFF
MPAAQEGAVAF,GQMPAAQEGAVAF
YADVGGKQF,LYADVGGKQF
GAVHDVKDVLDS,ESVGKGAVHDVKDVLDSVL
GAVHDVKDVLDS,ESVGKGAVHDVKDVLDS
IINTFHQY,ERNIETIINTFHQY
IINTFHQY,IINTFHQYS
LDTNADKQL,LDTNADKQLSFEEF
LDTNADKQL,EDLDTNADKQLSFEEF
LDTNADKQL,LDTNADKQLSFEE
LDTNADKQL,LDTNADKQLS
LDTNADKQL,DLDTNADKQL
SLADFQIEK,SLADFQIEKK
TEAAHPIRL,TEAAHPIRLF
DIDTRSEFY,ADIDTRSEFY
VDDTQFVRFDSDAASQ,VDDTQFVRFDSDAASQR
VDDTQFVRFDSDAASQ,VDDTQFVRFDSDAASQKME
VDDTQFVRFDSDAASQ,VDDTQFVRFDSDAASQRME
APGVDLSRILNE,DAAPGVDLSRILNE
APGVDLSRILNE,DAAPGVDLSRILNEMRDQY
ASYLDKVRAL,NDRLASYLDKVRALEESN
ASYLDKVRAL,NDRLASYLDKVRALEE
ASYLDKVRAL,NDRLASYLDKVRALEEA
TEVDNYHFY,LTEVDNYHFY
YADPVNAHY,LQYADPVNAHY
LPDTLKVTY,ALPDTLKVTY
LPDTLKVTY,NALPDTLKVTY
KVFDGIPPPY,KVFDGIPPPYDKK
EVKAQYEDIAQKSKAEAES,EVKAQYEDIAQKSKAEAESL
VDTSTRTHNLEPYFES,VDTSTRTHNLEPYFESF
AQYEDIAQKSKAEAESL,EVKAQYEDIAQKSKAEAESL
AQYEDIAQKSKAEAESL,VKAQYEDIAQKSKAEAESL
DEINKRTNAENEF,YRNKYEDEINKRTNAENEF
YGSGGGGGGGRGSY,GSGGGSYGSGGGGGGGRGSY
VSTTYSGVTR,FVSTTYSGVTR
SGGGSYGSGGGGGGHGSY,GSGGGSYGSGGGGGGHGSY
SGYRSGGGFSSGSAGI,SGYRSGGGFSSGSAGIIN
VKAQYEDIAQKSKAEAES,EVKAQYEDIAQKSKAEAESL
VKAQYEDIAQKSKAEAES,VKAQYEDIAQKSKAEAESL
VKAQYEDIAQKSKAEAES,EVKAQYEDIAQKSKAEAES
GYRSGGGFSSGSAGIIN,SGYRSGGGFSSGSAGIIN
AVKAIIYQY,MPAVKAIIYQY
TIQSGEQPYK,LTIQSGEQPYK
APEEHPVLL,RVAPEEHPVLLT
KDYLALNED,AYDGKDYLALNED
SISGPGVDKEPFN,YSISGPGVDKEPFNL
SISGPGVDKEPFN,SISGPGVDKEPFNL
DTQFVRFDSDAASQR,DTQFVRFDSDAASQRMEP
DTQFVRFDSDAASQR,VDDTQFVRFDSDAASQR
DTQFVRFDSDAASQR,VDDTQFVRFDSDAASQRME
YAYDGKDYIAL,NQYAYDGKDYIALN
RVAPEEHPVL,RVAPEEHPVLLT
RVAPEEHPVL,YNELRVAPEEHPVL
RVAPEEHPVL,NELRVAPEEHPVL
RVAPEEHPVL,LRVAPEEHPVL
MMDPNSTQRY,VMMDPNSTQRY
FTKTEEL,FTKTEELNR
GKVVSTHEQV,DVHDGKVVSTHEQVL
GKVVSTHEQV,DVHDGKVVSTHEQVLRTKN
GKVVSTHEQV,GKVVSTHEQVLRTKN
VHDGKVVSTHE,DVHDGKVVSTHEQVL
VHDGKVVSTHE,DVHDGKVVSTHEQVLRTKN
FAYDGKDYI,FAYDGKDYIAL
SISGPGVDKEPFNL,YSISGPGVDKEPFNL
ALKRQGRTLY,ALKRQGRTLYG
LQNSVKQY,LLQNSVKQY
DDMEKIWHHTF,WDDMEKIWHHTFY
DDMEKIWHHTF,VTNWDDMEKIWHHTF
AQAESLRY,AIAQAESLRYK
EFEDLQMQL,REFEDLQMQL
HFNPRLD,HFNPRLDTSE
NVINGGSHAGNKLA,NVINGGSHAGNKLAMQEF
TEIDGRSISL,GTEIDGRSISLYY
TEIDGRSISL,TEIDGRSISLY
DLDTNADKQL,EDLDTNADKQLSFEEF
TVIHFNNPK,GTVIHFNNPK
ITDSAGHILY,KITDSAGHILY
FKVGPEADKYR,FKVGPEADKYRLTYA
IALKAAHYHTHKE,VAIALKAAHYHTHKE
QIFVKTLTGK,MQIFVKTLTGKTITL
VEVGGDVQLDSVR,VEVGGDVQLDSVRIF
IKVHVGDED,FIKVHVGDEDFVHL
IKVHVGDED,FIKVHVGDEDF
QSNNKYAASSYLSLTPE,TPSKQSNNKYAASSYLSLTPEQ
FKLAQAYY,FKLAQAYYESTRKEN
FRQILKNPDDPD,FRQILKNPDDPDMVD
SVGKGAVHDVKD,ESVGKGAVHDVKDVLDSVL
SVGKGAVHDVKD,ESVGKGAVHDVKDVLDS
ATYNKQPMY,ATYNKQPMYR
GEYAVHVL,QEAGEYAVHVL
GRDLTDYLMKILTERG,DLAGRDLTDYLMKILTERGYS
DLAGRDLTDYL,DLAGRDLTDYLMKILTERGYS
EEAQFETKKLY,QEEAQFETKKLY
DAAPGVDLSRILNE,DAAPGVDLSRILNEMRDQY
SRILNEMRDQY,DAAPGVDLSRILNEMRDQY
TQISKTNTQTY,DRETQISKTNTQTYRE
TQISKTNTQTY,DRETQISKTNTQTYRESL
DPFNPFELTNHAVL,DPFNPFELTNHAVLL
YEAALNSKDAAL,REYEAALNSKDAAL
IQNKPLY,VQCIQNKPLY
IQNKPLY,IQNKPLYFADRL
VGDPGQRTL,YEVGDPGQRTLL
APARPYQGV,APAPARPYQGV
KQMEQISQF,KQMEQISQFL
VFDTAIAHL,VFDTAIAHLF
KVTEGSFVY,KVTEGSFVYK
SQIFISRTY,TESQIFISRTYDATTH
QERDPSKIKWG,QERDPSKIKWGDAGAE
LPAPPHIDV,LPAPPHIDVMY
TVLSGGTTMYPGIADR,NTVLSGGTTMYPGIADR
GDILGKYVD,FRDGDILGKYVD
IREADVDQDGRVNYEEF,MIREADVDQDGRVNYEEF
MIREADVDQDGRVNYEE,MIREADVDQDGRVNYEEF
MIREADVDQDGRVNYEE,DAMIREADVDQDGRVNYEE
VSDPSSPQYGK,VSDPSSPQYGKYL
VSDPSSPQYGK,VSDPSSPQYGKY
EEIPVSSHY,EEIPVSSHYF
VIDGHIYAV,GVIDGHIYAV
KPNANRIAL,ITILGTVKPNANRIAL
PAYHSSLMD,PAYHSSLMDPD
ALQEASEAY,RFQSSAVMALQEASEAY
ALQEASEAY,RFQSAAIGALQEASEAYL
DIAVDGEPLGRVSFE,FDIAVDGEPLGRVSFEL
GKVVSTHEQVLRTKN,DVHDGKVVSTHEQVLRTKN
VMHEALHNHY,VMHEALHNHYTQKSL
VAHEINHGIGQAGKE,VAHEINHGIGQAGKEAE
HEINHGIGQAGKEAE,VAHEINHGIGQAGKEAE
VFDKTLAEL,AVFDKTLAELK
KWAAVVVPSGEEQ,FQKWAAVVVPSGEEQ
QPVGILGRPATAY,GQPVGILGRPATAY
LVLSDRAPFAAPSPFAE,LVLSDRAPFAAPSPFAEL
FRAAVPSGASTGIY,YTAKGLFRAAVPSGASTGIYEAL
FRAAVPSGASTGIY,FTSKGLFRAAVPSGASTGIYEAL
MLTELEKALNSIIDVYHKYS,MLTELEKALNSIIDVYHKYSL
SEGTKAVTKYTSAK,AKHAVSEGTKAVTKYTSAK
AYDGKDYIALNED,QDAYDGKDYIALNED
LIHEGENSY,VTDSLIHEGENSY
RVAPAHGLF,RVAPAHGLFLK
LSDIGSGIRY,LSDIGSGIRYL
VFDEAIRAV,VFDEAIRAVL
YHKYSLIKGNF,YHKYSLIKGNFHAVY
YHKYSLIKGNF,YHKYSLIKGNFHAVYR
FLDPRPLTV,FLDPRPLTVV
DIAQKSKAEAES,EVKAQYEDIAQKSKAEAESL
DIAQKSKAEAES,EDIAQKSKAEAESLYQSKY
DIAQKSKAEAES,VKAQYEDIAQKSKAEAESL
DIAQKSKAEAES,EVKAQYEDIAQKSKAEAES
DIAQKSKAEAES,YEDIAQKSKAEAESLYQSKY
DIAQKSKAEAES,AQYEDIAQKSKAEAESL
DIAQKSKAEAES,EDIAQKSKAEAESLYQSKYE
DIAQKSKAEAES,VKAQYEDIAQKSKAEAES
IAQKSKAEAESL,EVKAQYEDIAQKSKAEAESL
IAQKSKAEAESL,EDIAQKSKAEAESLYQSKY
IAQKSKAEAESL,IAQKSKAEAESLYQSKYEEL
IAQKSKAEAESL,VKAQYEDIAQKSKAEAESL
IAQKSKAEAESL,YEDIAQKSKAEAESLYQSKY
IAQKSKAEAESL,AQYEDIAQKSKAEAESL
IAQKSKAEAESL,EDIAQKSKAEAESLYQSKYE
KEIEDFDSL,KEIEDFDSLEAL
YESKSLEEL,KEYESKSLEEL
AVQEFGLAR,AVQEFGLARFK
SENELKKAY,VPPGASENELKKAY
SENELKKAY,SENELKKAYR
TEDGNQHVY,VTEDGNQHVY
